TS_MS,WHEEL_A,WHEEL_B,WHEEL_C
339916.875,0,758,709
339918.5,0,766,717
339920,0,773,724
339921.625,0,781,732
339923.25,0,788,739
339924.75,0,796,746
339926.375,0,803,754
339928,0,811,761
339929.5,0,818,770
339931.125,0,826,777
339932.75,0,831,785
339934.25,0,840,792
339935.875,0,847,800
339937.5,0,855,807
339939,0,861,815
339940.625,0,870,822
339942.25,0,877,830
339943.75,0,885,835
339945.375,0,892,842
339947,0,901,850
339948.5,0,908,857
339950.125,0,916,865
339951.75,0,923,873
339953.25,0,931,881
339954.875,0,936,887
339956.5,0,944,897
339958,0,951,904
339959.625,0,959,912
339961.25,0,966,920
339962.75,0,298,927
339964.375,0,63,934
339966,0,71,942
339967.5,0,79,950
339969.125,0,87,959
339970.75,0,94,965
339972.25,0,102,298
339973.875,0,109,63
339975.5,0,118,71
339977,0,124,78
339978.625,0,133,87
339980.25,0,141,93
339981.75,0,149,102
339983.375,0,156,108
339985,0,164,114
339986.625,0,171,122
339988.125,0,180,130
339989.75,0,187,138
339991.375,0,194,145
339992.875,0,201,154
339994.5,0,210,160
339996.125,0,217,169
339997.625,0,223,175
339999.25,0,231,184
340000.875,0,238,191
340002.375,0,246,198
340004,0,253,206
340005.625,0,263,213
340007.125,0,269,221
340008.75,0,278,229
340010.375,0,285,237
340011.875,0,293,244
340013.5,0,301,252
340015.125,0,309,261
340016.625,0,317,268
340018.25,0,323,276
340019.875,0,331,283
340021.375,0,338,292
340023,0,347,298
340024.625,0,354,306
340026.125,0,363,314
340027.75,0,370,319
340029.375,0,378,327
340030.875,0,387,334
340032.5,0,394,343
340034.125,0,403,351
340035.625,0,409,357
340037.25,0,418,365
340038.875,0,425,372
340040.375,0,431,381
340042,0,438,389
340043.625,0,447,396
340045.125,0,454,404
340046.75,0,461,412
340048.375,0,469,420
340049.875,0,476,427
340051.5,0,484,435
340053.125,0,492,441
340054.625,0,500,449
340056.25,0,507,456
340057.875,0,517,464
340059.375,0,524,471
340061,0,532,479
340062.625,0,539,487
340064.125,0,547,494
340065.75,0,554,502
340067.375,0,562,508
340069,0,569,518
340070.5,0,576,523
340072.125,0,583,531
340073.625,0,591,539
340075.25,0,599,546
340076.875,0,607,554
340078.5,0,614,561
340080,0,621,569
340081.625,0,627,575
340083.25,0,635,583
340084.75,0,643,589
340086.375,0,651,597
340088,0,658,604
340089.5,0,666,612
340091.125,0,673,619
340092.75,0,681,628
340094.25,0,687,634
340095.875,0,696,643
340097.5,0,702,649
340099,0,709,657
340100.625,0,716,665
340102.25,0,724,671
340103.75,0,731,679
340105.375,0,738,686
340107,0,746,694
340108.5,0,753,701
340110.125,0,760,708
340111.75,0,769,713
340113.25,0,776,720
340114.875,0,783,728
340116.5,0,790,735
340118,0,798,743
340119.625,0,805,749
340121.25,0,812,757
340122.75,0,819,763
340124.375,0,824,773
340126,0,832,779
340127.5,0,838,787
340129.125,0,846,793
340130.75,0,852,802
340132.25,0,860,808
340133.875,0,866,815
340135.5,0,874,822
340137,0,880,830
340138.625,0,888,836
340140.25,0,896,843
340141.75,0,904,850
340143.375,0,911,857
340145,0,917,865
340146.5,0,925,872
340148.125,0,932,879
340149.75,0,940,886
340151.25,0,947,893
340152.875,0,954,901
340154.5,0,960,907
340156,0,899,914
340157.625,0,137,921
340159.25,0,65,927
340160.75,0,71,935
340162.375,0,79,942
340164,0,85,950
340165.5,0,93,956
340167.125,0,97,963
340168.75,0,105,593
340170.25,0,112,62
340171.875,0,118,67
340173.5,0,125,75
340175,0,133,81
340176.625,0,141,89
340178.25,0,147,95
340179.75,0,154,103
340181.375,0,161,110
340183,0,169,117
340184.5,0,176,124
340186.125,0,183,131
340187.75,0,190,139
340189.25,0,197,145
340190.875,0,203,153
340192.5,0,211,159
340194,0,217,167
340195.625,0,225,174
340197.25,0,232,179
340198.75,0,239,187
340200.375,0,246,192
340202,0,253,200
340203.625,0,262,206
340205.125,0,268,214
340206.75,0,276,220
340208.375,0,283,228
340209.875,0,289,235
340211.5,0,295,242
340213.125,0,302,250
340214.625,0,310,256
340216.25,0,317,264
340217.875,0,323,270
340219.375,0,330,278
340221,0,337,285
340222.625,0,344,292
340224.125,0,351,299
340225.75,0,358,306
340227.375,0,366,313
340228.875,0,373,319
340230.5,0,381,326
340232.125,0,389,334
340233.625,0,396,341
340235.25,0,404,349
340236.875,0,410,354
340238.375,0,418,362
340240,0,425,367
340241.625,0,433,374
340243.125,0,439,382
340244.75,0,447,389
340246.375,0,453,396
340247.875,0,460,403
340249.5,0,467,410
340251.125,0,473,417
340252.625,0,480,424
340254.25,0,487,432
340255.875,0,494,438
340257.375,0,501,446
340259,0,508,451
340260.625,0,516,459
340262.125,0,523,466
340263.75,0,529,473
340265.375,0,537,480
340266.875,0,543,487
340268.5,0,550,495
340270.125,0,557,502
340271.625,0,565,510
340273.25,0,572,518
340274.875,0,578,526
340276.375,0,585,533
340278,0,592,541
340279.625,0,599,547
340281.125,0,606,554
340282.75,0,614,560
340284.375,0,622,568
340285.875,0,629,575
340287.5,0,637,582
340289.125,0,645,589
340290.625,0,653,597
340292.25,0,660,605
340293.875,0,666,611
340295.375,0,673,619
340297,0,682,627
340298.625,0,688,635
340300.25,0,696,642
340301.75,0,703,650
340303.375,0,711,657
340305,0,717,665
340306.5,0,726,673
340308.125,0,733,680
340309.75,0,741,688
340311.25,0,748,696
340312.875,0,757,703
340314.5,0,764,709
340316,0,773,718
340317.625,0,781,724
340319.25,0,789,733
340320.75,0,797,740
340322.375,0,805,748
340324,0,812,753
340325.5,0,821,760
340327.125,0,829,769
340328.75,0,836,776
340330.25,0,843,784
340331.875,0,852,791
340333.5,0,859,799
340335,0,867,806
340336.625,0,873,815
340338.25,0,880,821
340339.75,0,888,830
340341.375,0,896,836
340343,0,904,845
340344.5,0,911,852
340346.125,0,918,861
340347.75,0,926,868
340349.25,0,933,877
340350.875,0,943,884
340352.5,0,949,891
340354,0,957,900
340355.625,0,963,908
340357.25,0,478,915
340358.75,0,62,924
340360.375,0,69,931
340362,0,76,940
340363.5,0,85,947
340365.125,0,92,953
340366.75,0,100,960
340368.25,0,106,851
340369.875,0,115,118
340371.5,0,121,66
340373,0,131,75
340374.625,0,137,82
340376.25,0,146,90
340377.75,0,151,96
340379.375,0,159,105
340381,0,166,112
340382.5,0,175,120
340384.125,0,183,126
340385.75,0,190,136
340387.25,0,197,143
340388.875,0,204,151
340390.5,0,213,158
340392,0,219,165
340393.625,0,228,173
340395.25,0,234,180
340396.75,0,243,188
340398.375,0,249,193
340400,0,256,202
340401.5,0,261,209
340403.125,0,268,216
340404.75,0,275,224
340406.25,0,281,231
340407.875,0,288,237
340409.5,0,294,244
340411,0,302,252
340412.625,0,308,260
340414.25,0,317,266
340415.75,0,322,271
340417.375,0,331,276
340419,0,339,282
340420.5,0,345,287
340422.125,0,355,294
340423.75,0,364,300
340425.25,0,375,307
340426.875,0,386,315
340428.5,0,397,320
340430,0,400,328
340431.625,0,405,335
340433.25,0,410,343
340434.75,0,417,352
340436.375,0,424,359
340438,0,431,369
340439.5,0,439,377
340441.125,0,447,388
340442.75,0,455,395
340444.25,0,460,399
340445.875,0,466,404
340447.5,0,471,409
340449.125,0,478,415
340450.625,0,484,418
340452.25,0,491,425
340453.875,0,496,431
340455.375,0,504,438
340457,0,511,445
340458.625,0,519,453
340460.125,0,526,460
340461.75,0,535,465
340463.375,0,540,471
340464.875,0,549,476
340466.5,0,558,483
340468.125,0,567,488
340469.625,0,575,494
340471.25,0,586,500
340472.875,0,596,507
340474.375,0,604,516
340476,0,610,523
340477.625,0,618,530
340479.125,0,624,538
340480.75,0,631,547
340482.375,0,638,555
340483.875,0,646,564
340485.5,0,653,573
340487.125,0,660,583
340488.625,0,667,592
340490.25,0,674,605
340491.875,0,682,611
340493.375,0,688,616
340495,0,696,622
340496.625,0,702,630
340498.125,0,709,637
340499.75,0,715,644
340501.375,0,723,652
340502.875,0,729,659
340504.5,0,735,667
340506.125,0,742,673
340507.625,0,750,681
340509.25,0,756,688
340510.875,0,764,695
340512.375,0,772,702
340514,0,780,708
340515.625,0,786,715
340517.125,0,794,722
340518.75,0,800,730
340520.375,0,808,737
340521.875,0,815,743
340523.5,0,823,750
340525.125,0,829,758
340526.625,0,836,765
340528.25,0,843,774
340529.875,0,851,780
340531.375,0,857,788
340533,0,865,795
340534.625,0,871,801
340536.125,0,880,809
340537.75,0,886,816
340539.375,0,894,823
340540.875,0,902,830
340542.5,0,910,838
340544.125,0,916,844
340545.625,0,925,852
340547.25,0,930,858
340548.875,0,938,867
340550.375,0,945,874
340552,0,953,882
340553.625,0,959,888
340555.125,0,923,898
340556.75,0,162,904
340558.375,0,64,912
340559.875,0,71,919
340561.5,0,80,928
340563.125,0,86,934
340564.625,0,94,943
340566.25,0,101,949
340567.875,0,109,957
340569.375,0,116,964
340571,0,124,280
340572.625,0,131,63
340574.125,0,140,71
340575.75,0,147,77
340577.375,0,155,84
340578.875,0,162,91
340580.5,0,171,98
340582.125,0,177,106
340583.75,0,186,114
340585.25,0,192,122
340586.875,0,201,130
340588.5,0,208,138
340590,0,214,145
340591.625,0,223,154
340593.25,0,229,161
340594.75,0,238,169
340596.375,0,245,176
340598,0,254,185
340599.5,0,262,192
340601.125,0,271,199
340602.75,0,278,208
340604.25,0,287,214
340605.875,0,294,223
340607.5,0,302,230
340609,0,311,239
340610.625,0,319,246
340612.25,0,326,255
340613.75,0,333,264
340615.375,0,342,271
340617,0,349,280
340618.5,0,358,287
340620.125,0,365,293
340621.75,0,374,301
340623.25,0,381,309
340624.875,0,390,318
340626.5,0,399,324
340628,0,406,332
340629.625,0,415,340
340631.25,0,420,348
340632.75,0,429,356
340634.375,0,436,363
340636,0,445,372
340637.5,0,452,379
340639.125,0,460,388
340640.75,0,468,396
340642.25,0,476,404
340643.875,0,484,411
340645.5,0,492,419
340647,0,500,428
340648.625,0,507,435
340650.25,0,518,443
340651.75,0,525,449
340653.375,0,533,458
340655,0,541,466
340656.5,0,549,474
340658.125,0,556,481
340659.75,0,564,489
340661.25,0,572,495
340662.875,0,580,502
340664.5,0,587,512
340666,0,595,519
340667.625,0,603,528
340669.25,0,611,534
340670.75,0,619,543
340672.375,0,627,550
340674,0,633,559
340675.5,0,643,566
340677.125,0,650,574
340678.75,0,658,581
340680.25,0,665,589
340681.875,0,674,596
340683.5,0,681,604
340685,0,690,612
340686.625,0,697,619
340688.25,0,704,627
340689.75,0,711,635
340691.375,0,720,643
340693,0,727,651
340694.5,0,735,660
340696.125,0,743,666
340697.75,0,752,675
340699.25,0,759,682
340700.875,0,768,690
340702.5,0,775,697
340704.125,0,784,702
340705.625,0,791,710
340707.25,0,799,717
340708.875,0,806,726
340710.375,0,815,733
340712,0,823,741
340713.625,0,831,748
340715.125,0,837,756
340716.75,0,843,764
340718.375,0,851,772
340719.875,0,858,780
340721.5,0,865,787
340723.125,0,873,796
340724.625,0,881,803
340726.25,0,889,811
340727.875,0,897,818
340729.375,0,905,827
340731,0,912,832
340732.625,0,920,840
340734.125,0,927,847
340735.75,0,935,856
340737.375,0,943,863
340738.875,0,951,870
340740.5,0,958,878
340742.125,0,965,886
340743.625,0,361,892
340745.25,0,63,901
340746.875,0,70,907
340748.375,0,78,915
340750,0,85,922
340751.625,0,93,929
340753.125,0,100,936
340754.75,0,107,944
340756.375,0,114,951
340757.875,0,120,959
340759.5,0,126,948
340761.125,0,135,218
340762.625,0,142,64
340764.25,0,149,70
340765.875,0,156,78
340767.375,0,164,84
340769,0,171,93
340770.625,0,179,99
340772.125,0,186,107
340773.75,0,193,113
340775.375,0,201,121
340776.875,0,208,128
340778.5,0,216,137
340780.125,0,222,144
340781.625,0,231,151
340783.25,0,237,158
340784.875,0,246,166
340786.375,0,252,174
340788,0,261,178
340789.625,0,268,187
340791.125,0,276,192
340792.75,0,283,200
340794.375,0,290,207
340795.875,0,298,215
340797.5,0,305,222
340799.125,0,313,229
340800.625,0,318,237
340802.25,0,324,243
340803.875,0,331,251
340805.375,0,339,259
340807,0,346,267
340808.625,0,354,274
340810.125,0,362,281
340811.75,0,368,290
340813.375,0,376,296
340814.875,0,384,304
340816.5,0,392,311
340818.125,0,398,319
340819.625,0,407,325
340821.25,0,413,332
340822.875,0,421,340
340824.375,0,428,347
340826,0,435,354
340827.625,0,443,361
340829.125,0,450,368
340830.75,0,457,374
340832.375,0,464,380
340833.875,0,472,389
340835.5,0,478,395
340837.125,0,486,403
340838.625,0,493,410
340840.25,0,501,417
340841.875,0,507,424
340843.375,0,515,432
340845,0,522,440
340846.625,0,529,446
340848.125,0,536,453
340849.75,0,544,459
340851.375,0,550,467
340852.875,0,558,474
340854.5,0,565,481
340856.125,0,574,489
340857.625,0,579,496
340859.25,0,587,504
340860.875,0,594,510
340862.5,0,602,520
340864,0,609,526
340865.625,0,617,534
340867.25,0,624,541
340868.75,0,632,549
340870.375,0,639,556
340872,0,648,564
340873.5,0,654,568
340875.125,0,662,576
340876.75,0,669,583
340878.25,0,678,590
340879.875,0,685,598
340881.5,0,693,605
340883,0,700,613
340884.625,0,705,620
340886.25,0,713,628
340887.75,0,720,635
340889.375,0,728,644
340891,0,735,651
340892.5,0,744,660
340894.125,0,751,667
340895.75,0,759,675
340897.25,0,767,682
340898.875,0,776,690
340900.5,0,783,698
340902,0,791,705
340903.625,0,799,713
340905.25,0,808,720
340906.75,0,814,728
340908.375,0,823,736
340910,0,830,745
340911.5,0,838,752
340913.125,0,846,760
340914.75,0,854,767
340916.25,0,861,775
340917.875,0,869,783
340919.5,0,877,791
340921,0,886,800
340922.625,0,893,807
340924.25,0,902,816
340925.75,0,911,823
340927.375,0,917,831
340929,0,925,838
340930.5,0,933,848
340932.125,0,942,855
340933.75,0,950,864
340935.25,0,958,871
340936.875,0,960,880
340938.5,0,212,887
340940,0,64,897
340941.625,0,72,905
340943.25,0,80,914
340944.75,0,89,921
340946.375,0,97,930
340948,0,104,937
340949.5,0,112,947
340951.125,0,121,954
340952.75,0,130,962
340954.25,0,138,578
340955.875,0,146,62
340957.5,0,154,67
340959,0,162,75
340960.625,0,170,83
340962.25,0,179,91
340963.75,0,186,99
340965.375,0,194,107
340967,0,201,115
340968.5,0,210,122
340970.125,0,215,132
340971.75,0,224,139
340973.25,0,231,148
340974.875,0,240,155
340976.5,0,248,164
340978,0,257,172
340979.625,0,265,180
340981.25,0,273,188
340982.75,0,282,194
340984.375,0,289,204
340986,0,298,210
340987.5,0,305,219
340989.125,0,314,226
340990.75,0,321,235
340992.25,0,329,242
340993.875,0,336,250
340995.5,0,344,259
340997,0,353,267
340998.625,0,360,275
341000.25,0,369,280
341001.75,0,376,289
341003.375,0,386,297
341005,0,393,304
341006.5,0,401,313
341008.125,0,408,319
341009.75,0,417,327
341011.25,0,422,334
341012.875,0,430,343
341014.5,0,439,350
341016,0,445,357
341017.625,0,453,365
341019.25,0,460,372
341020.75,0,469,381
341022.375,0,476,389
341024,0,485,397
341025.5,0,491,405
341027.125,0,500,412
341028.75,0,507,420
341030.25,0,517,427
341031.875,0,524,436
341033.5,0,533,443
341035,0,540,450
341036.625,0,548,457
341038.25,0,555,465
341039.75,0,564,473
341041.375,0,571,478
341043,0,579,487
341044.5,0,585,494
341046.125,0,594,502
341047.75,0,601,509
341049.25,0,609,518
341050.875,0,616,526
341052.5,0,625,533
341054,0,629,540
341055.625,0,637,548
341057.25,0,644,555
341058.75,0,652,562
341060.375,0,658,569
341062,0,667,576
341063.5,0,674,583
341065.125,0,682,590
341066.75,0,688,597
341068.25,0,696,604
341069.875,0,703,612
341071.5,0,709,618
341073,0,716,626
341074.625,0,723,632
341076.25,0,732,641
341077.75,0,738,648
341079.375,0,747,657
341081,0,753,663
341082.5,0,762,671
341084.125,0,769,677
341085.75,0,778,684
341087.25,0,784,692
341088.875,0,793,698
341090.5,0,799,705
341092,0,807,712
341093.625,0,813,720
341095.25,0,822,727
341096.875,0,826,734
341098.375,0,833,741
341100,0,840,748
341101.625,0,848,756
341103.125,0,855,763
341104.75,0,863,772
341106.375,0,869,779
341107.875,0,878,787
341109.5,0,885,794
341111.125,0,893,803
341112.625,0,900,809
341114.25,0,908,817
341115.875,0,915,824
341117.375,0,924,832
341119,0,930,838
341120.625,0,938,846
341122.125,0,947,854
341123.75,0,954,862
341125.375,0,961,869
341126.875,0,743,875
341128.5,0,59,883
341130.125,0,65,889
341131.625,0,73,899
341133.25,0,80,906
341134.875,0,88,914
341136.375,0,96,921
341138,0,103,928
341139.625,0,109,936
341141.125,0,116,943
341142.75,0,124,951
341144.375,0,131,959
341145.875,0,140,966
341147.5,0,147,301
341149.125,0,154,64
341150.625,0,161,72
341152.25,0,170,79
341153.875,0,177,87
341155.375,0,185,93
341157,0,191,102
341158.625,0,199,109
341160.125,0,206,117
341161.75,0,214,124
341163.375,0,221,133
341164.875,0,229,140
341166.5,0,237,148
341168.125,0,245,154
341169.625,0,252,160
341171.25,0,260,168
341172.875,0,269,175
341174.375,0,276,184
341176,0,284,191
341177.625,0,291,197
341179.125,0,300,205
341180.75,0,305,212
341182.375,0,313,220
341183.875,0,320,227
341185.5,0,327,236
341187.125,0,335,242
341188.625,0,341,250
341190.25,0,350,259
341191.875,0,357,266
341193.375,0,365,274
341195,0,372,281
341196.625,0,380,290
341198.125,0,389,297
341199.75,0,396,305
341201.375,0,404,312
341202.875,0,411,320
341204.5,0,420,327
341206.125,0,427,334
341207.625,0,435,343
341209.25,0,442,350
341210.875,0,450,356
341212.375,0,457,363
341214,0,465,371
341215.625,0,472,379
341217.125,0,481,387
341218.75,0,488,395
341220.375,0,496,402
341222,0,504,410
341223.5,0,510,419
341225.125,0,519,426
341226.75,0,526,434
341228.25,0,535,441
341229.875,0,542,449
341231.5,0,550,456
341233,0,558,464
341234.625,0,566,471
341236.25,0,574,480
341237.75,0,581,488
341239.375,0,589,495
341241,0,597,504
341242.5,0,605,511
341244.125,0,612,521
341245.75,0,621,528
341247.25,0,628,536
341248.875,0,637,543
341250.5,0,645,552
341252,0,653,559
341253.625,0,661,565
341255.25,0,669,573
341256.75,0,677,580
341258.375,0,684,587
341260,0,693,595
341261.5,0,700,603
341263.125,0,708,611
341264.75,0,715,619
341266.25,0,721,627
341267.875,0,729,635
341269.5,0,737,643
341271,0,745,651
341272.625,0,753,658
341274.25,0,760,667
341275.75,0,770,674
341277.375,0,778,682
341279,0,786,690
341280.5,0,793,698
341282.125,0,802,705
341283.75,0,809,712
341285.25,0,818,721
341286.875,0,825,728
341288.5,0,833,737
341290,0,840,744
341291.625,0,849,752
341293.25,0,855,759
341294.75,0,864,766
341296.375,0,871,774
341298,0,879,783
341299.5,0,886,791
341301.125,0,896,799
341302.75,0,903,807
341304.25,0,912,814
341305.875,0,919,823
341307.5,0,926,830
341309,0,933,838
341310.625,0,942,845
341312.25,0,950,854
341313.75,0,958,860
341315.375,0,965,869
341317,0,272,877
341318.5,0,63,886
341320.125,0,71,892
341321.75,0,79,902
341323.25,0,87,909
341324.875,0,95,918
341326.5,0,103,925
341328,0,110,933
341329.625,0,119,941
341331.25,0,126,950
341332.75,0,135,956
341334.375,0,143,965
341336,0,151,378
341337.5,0,158,63
341339.125,0,167,69
341340.75,0,174,77
341342.25,0,183,85
341343.875,0,191,93
341345.5,0,198,101
341347,0,206,109
341348.625,0,214,118
341350.25,0,221,125
341351.75,0,228,134
341353.375,0,237,141
341355,0,244,150
341356.5,0,252,157
341358.125,0,260,165
341359.75,0,270,172
341361.25,0,277,181
341362.875,0,285,189
341364.5,0,293,196
341366,0,301,204
341367.625,0,310,211
341369.25,0,317,220
341370.75,0,325,227
341372.375,0,331,236
341374,0,340,243
341375.5,0,347,251
341377.125,0,356,261
341378.75,0,363,268
341380.25,0,371,275
341381.875,0,380,281
341383.5,0,388,290
341385,0,397,297
341386.625,0,404,305
341388.25,0,412,313
341389.75,0,419,319
341391.375,0,428,327
341393,0,433,334
341394.5,0,441,343
341396.125,0,448,351
341397.75,0,456,358
341399.25,0,463,366
341400.875,0,471,373
341402.5,0,478,381
341404.125,0,486,389
341405.625,0,495,397
341407.25,0,502,404
341408.875,0,510,412
341410.375,0,519,420
341412,0,527,427
341413.625,0,534,435
341415.125,0,542,442
341416.75,0,549,450
341418.375,0,558,457
341419.875,0,565,465
341421.5,0,573,472
341423.125,0,580,479
341424.625,0,588,487
341426.25,0,595,494
341427.875,0,603,503
341429.375,0,611,510
341431,0,619,519
341432.625,0,627,526
341434.125,0,633,535
341435.75,0,641,542
341437.375,0,649,550
341438.875,0,656,557
341440.5,0,665,566
341442.125,0,672,573
341443.625,0,681,580
341445.25,0,688,587
341446.875,0,697,595
341448.375,0,703,603
341450,0,711,611
341451.625,0,718,619
341453.125,0,726,627
341454.75,0,734,635
341456.375,0,742,643
341457.875,0,750,652
341459.5,0,759,659
341461.125,0,767,668
341462.625,0,775,675
341464.25,0,783,681
341465.875,0,791,689
341467.375,0,799,697
341469,0,807,704
341470.625,0,814,711
341472.125,0,823,720
341473.75,0,831,727
341475.375,0,838,736
341476.875,0,845,743
341478.5,0,852,751
341480.125,0,860,759
341481.625,0,868,768
341483.25,0,876,776
341484.875,0,884,784
341486.375,0,891,792
341488,0,900,800
341489.625,0,907,808
341491.125,0,915,816
341492.75,0,922,824
341494.375,0,931,831
341495.875,0,938,839
341497.5,0,948,846
341499.125,0,955,855
341500.625,0,963,861
341502.25,0,565,871
341503.875,0,62,878
341505.375,0,67,886
341507,0,76,891
341508.625,0,83,900
341510.125,0,92,908
341511.75,0,98,916
341513.375,0,107,923
341514.875,0,114,932
341516.5,0,122,939
341518.125,0,130,948
341519.625,0,136,955
341521.25,0,144,962
341522.875,0,152,554
341524.375,0,160,62
341526,0,167,68
341527.625,0,175,76
341529.125,0,183,84
341530.75,0,191,91
341532.375,0,197,99
341533.875,0,206,106
341535.5,0,213,115
341537.125,0,222,122
341538.625,0,228,131
341540.25,0,237,138
341541.875,0,243,147
341543.375,0,252,153
341545,0,261,162
341546.625,0,269,169
341548.125,0,276,177
341549.75,0,284,183
341551.375,0,292,190
341552.875,0,299,198
341554.5,0,308,204
341556.125,0,315,213
341557.75,0,322,220
341559.25,0,329,228
341560.875,0,336,236
341562.5,0,343,243
341564,0,351,251
341565.625,0,359,259
341567.25,0,366,267
341568.75,0,375,274
341570.375,0,381,282
341572,0,391,290
341573.5,0,398,297
341575.125,0,406,305
341576.75,0,413,312
341578.25,0,420,319
341579.875,0,428,326
341581.5,0,436,334
341583,0,444,342
341584.625,0,450,349
341586.25,0,458,357
341587.75,0,465,363
341589.375,0,473,371
341591,0,480,376
341592.5,0,488,384
341594.125,0,494,392
341595.75,0,503,398
341597.25,0,509,406
341598.875,0,519,413
341600.5,0,525,421
341602,0,534,428
341603.625,0,538,435
341605.25,0,546,443
341606.75,0,553,449
341608.375,0,561,457
341610,0,567,463
341611.5,0,575,472
341613.125,0,581,478
341614.75,0,590,486
341616.25,0,596,493
341617.875,0,605,501
341619.5,0,611,508
341621,0,620,517
341622.625,0,626,524
341624.25,0,635,531
341625.75,0,643,539
341627.375,0,650,546
341629,0,657,554
341630.5,0,665,561
341632.125,0,672,569
341633.75,0,680,573
341635.25,0,687,580
341636.875,0,695,588
341638.5,0,703,596
341640,0,709,602
341641.625,0,717,610
341643.25,0,724,617
341644.75,0,732,625
341646.375,0,737,632
341648,0,746,641
341649.5,0,752,648
341651.125,0,761,655
341652.75,0,769,664
341654.25,0,778,670
341655.875,0,784,678
341657.5,0,792,685
341659,0,799,694
341660.625,0,808,700
341662.25,0,814,707
341663.75,0,823,714
341665.375,0,829,722
341667,0,837,730
341668.5,0,844,737
341670.125,0,852,745
341671.75,0,858,751
341673.25,0,866,760
341674.875,0,873,766
341676.5,0,882,774
341678,0,889,781
341679.625,0,898,789
341681.25,0,904,796
341682.75,0,912,804
341684.375,0,920,812
341686,0,928,819
341687.5,0,933,827
341689.125,0,942,833
341690.75,0,950,842
341692.25,0,957,849
341693.875,0,964,857
341695.5,0,516,864
341697.125,0,63,873
341698.625,0,69,880
341700.25,0,77,888
341701.875,0,85,895
341703.375,0,93,904
341705,0,100,911
341706.625,0,108,919
341708.125,0,117,927
341709.75,0,123,935
341711.375,0,132,942
341712.875,0,139,951
341714.5,0,149,959
341716.125,0,155,914
341717.625,0,164,364
341719.25,0,171,63
341720.875,0,180,70
341722.375,0,187,79
341724,0,195,86
341725.625,0,202,94
341727.125,0,211,102
341728.75,0,218,110
341730.375,0,225,118
341731.875,0,233,126
341733.5,0,241,135
341735.125,0,249,142
341736.625,0,258,151
341738.25,0,267,158
341739.875,0,274,167
341741.375,0,283,174
341743,0,290,183
341744.625,0,299,190
341746.125,0,306,198
341747.75,0,314,206
341749.375,0,321,213
341750.875,0,329,222
341752.5,0,338,229
341754.125,0,345,238
341755.625,0,354,245
341757.25,0,361,253
341758.875,0,370,262
341760.375,0,377,268
341762,0,386,277
341763.625,0,394,284
341765.125,0,402,293
341766.75,0,410,300
341768.375,0,417,308
341769.875,0,425,316
341771.5,0,433,322
341773.125,0,440,331
341774.625,0,447,338
341776.25,0,455,347
341777.875,0,461,354
341779.375,0,470,362
341781,0,477,370
341782.625,0,485,376
341784.125,0,493,386
341785.75,0,501,393
341787.375,0,508,401
341788.875,0,518,408
341790.5,0,526,416
341792.125,0,533,424
341793.625,0,541,431
341795.25,0,549,440
341796.875,0,556,446
341798.375,0,564,453
341800,0,571,460
341801.625,0,579,469
341803.125,0,586,474
341804.75,0,594,481
341806.375,0,601,490
341807.875,0,609,496
341809.5,0,616,505
341811.125,0,625,513
341812.625,0,632,521
341814.25,0,638,528
341815.875,0,647,537
341817.375,0,654,543
341819,0,662,552
341820.625,0,670,559
341822.125,0,678,567
341823.75,0,685,574
341825.375,0,693,581
341826.875,0,700,589
341828.5,0,708,596
341830.125,0,714,603
341831.625,0,723,611
341833.25,0,730,619
341834.875,0,738,626
341836.375,0,745,634
341838,0,755,642
341839.625,0,761,650
341841.25,0,771,657
341842.75,0,777,666
341844.375,0,786,672
341846,0,793,679
341847.5,0,802,687
341849.125,0,808,694
341850.75,0,817,703
341852.25,0,825,708
341853.875,0,832,717
341855.5,0,838,723
341857,0,845,732
341858.625,0,853,739
341860.25,0,861,747
341861.75,0,868,754
341863.375,0,876,762
341865,0,883,771
341866.5,0,892,779
341868.125,0,900,787
341869.75,0,908,794
341871.25,0,915,803
341872.875,0,923,809
341874.5,0,930,818
341876,0,939,824
341877.625,0,946,832
341879.25,0,955,839
341880.75,0,961,848
341882.375,0,701,854
341884,0,59,863
341885.5,0,67,870
341887.125,0,74,877
341888.75,0,82,884
341890.25,0,89,891
341891.875,0,98,899
341893.5,0,104,908
341895,0,112,915
341896.625,0,119,923
341898.25,0,128,930
341899.75,0,133,938
341901.375,0,141,945
341903,0,149,953
341904.5,0,156,960
341906.125,0,163,845
341907.75,0,172,112
341909.25,0,179,66
341910.875,0,187,73
341912.5,0,193,81
341914,0,201,89
341915.625,0,209,96
341917.25,0,216,104
341918.75,0,225,111
341920.375,0,232,120
341922,0,240,127
341923.5,0,247,135
341925.125,0,256,142
341926.75,0,263,150
341928.25,0,272,158
341929.875,0,279,164
341931.5,0,287,172
341933,0,294,179
341934.625,0,302,187
341936.25,0,311,193
341937.75,0,318,201
341939.375,0,325,209
341941,0,332,216
341942.5,0,338,224
341944.125,0,346,231
341945.75,0,354,240
341947.25,0,362,247
341948.875,0,369,256
341950.5,0,377,263
341952.125,0,386,271
341953.625,0,394,280
341955.25,0,401,287
341956.875,0,409,295
341958.375,0,416,302
341960,0,425,311
341961.625,0,432,318
341963.125,0,440,325
341964.75,0,447,333
341966.375,0,455,340
341967.875,0,463,349
341969.5,0,471,356
341971.125,0,478,362
341972.625,0,486,370
341974.25,0,494,377
341975.875,0,501,386
341977.375,0,509,393
341979,0,518,401
341980.625,0,527,408
341982.125,0,534,416
341983.75,0,540,424
341985.375,0,547,431
341986.875,0,556,440
341988.5,0,563,447
341990.125,0,571,454
341991.625,0,577,461
341993.25,0,587,470
341994.875,0,593,477
341996.375,0,602,485
341998,0,609,493
341999.625,0,618,500
342001.125,0,625,509
342002.75,0,634,517
342004.375,0,641,526
342005.875,0,650,533
342007.5,0,657,542
342009.125,0,666,548
342010.625,0,673,557
342012.25,0,682,564
342013.875,0,689,571
342015.375,0,698,577
342017,0,704,585
342018.625,0,713,593
342020.125,0,720,601
342021.75,0,728,608
342023.375,0,736,617
342024.875,0,744,625
342026.5,0,751,632
342028.125,0,758,641
342029.625,0,767,649
342031.25,0,775,657
342032.875,0,784,664
342034.375,0,791,674
342036,0,800,680
342037.625,0,808,689
